song_id,tempo,energy,valence,danceability,mood
happy_track1,118.89919729354696,0.8002143694613524,0.9317346299018212,0.6880146505668645,Happy
happy_track2,103.8337581287009,0.8087556977146064,0.7193065237095219,0.6626590962685373,Happy
happy_track3,111.46039690611303,0.8373896782747191,0.9213869849145161,0.7550537290696133,Happy
happy_track4,106.54723481821897,0.8612814228143946,0.9417966193480682,0.667589041342826,Happy
happy_track5,110.5458713740545,0.9958675794490784,0.7484721525754665,0.7048282043598489,Happy
happy_track6,110.15374685152292,0.878233895175524,0.9311811330827212,0.7427489434071399,Happy
happy_track7,127.72651365528435,0.7430387021465606,0.976705505692306,0.8766560313385185,Happy
happy_track8,128.72146614705164,0.8346787591238395,0.8622431601629011,0.654371933651894,Happy
happy_track9,131.80938032062002,0.9326963726130066,0.7804917462261713,0.6850457855152847,Happy
happy_track10,133.49331878259204,0.8606324973686656,0.9477896906486061,0.8230016730236512,Happy
happy_track11,101.21505222840388,0.9644512445279991,0.8526742907623271,0.7513971590847688,Happy
happy_track12,118.39009380850482,0.9566279114104903,0.8131278682699379,0.8431188851844591,Happy
happy_track13,110.12477004902478,0.8601910148196399,0.8814377915197066,0.7830321178465508,Happy
happy_track14,120.51678459938583,0.7872491144189284,0.828480331963583,0.7277750741575375,Happy
happy_track15,115.61566167277341,0.8354655174810741,0.9571255294700975,0.7411682257565535,Happy
happy_track16,114.14565346184898,0.9450215630419022,0.740789510705895,0.769155124578299,Happy
happy_track17,124.36437595138075,0.8800061414778645,0.8161906687609447,0.882147973453212,Happy
happy_track18,125.81745213477015,0.7582012718633245,0.8898884805367554,0.7680661600854823,Happy
happy_track19,135.88504672840412,0.7955395867605183,0.717081763251131,0.6706890596677384,Happy
happy_track20,123.31777915437961,0.7260898272798791,0.9663200680783977,0.6229933389181707,Happy
happy_track21,106.35180165038597,0.9786464376978834,0.8282438561655285,0.7797407355773806,Happy
happy_track22,124.60656323695966,0.9622992801645447,0.7791055799750014,0.6465369684552839,Happy
happy_track23,117.57247457872386,0.8441386336494802,0.7277708903604135,0.6480760634523762,Happy
happy_track24,107.3802601687562,0.8832576823216031,0.9005932843849835,0.6686386540479488,Happy
happy_track25,102.97398895964615,0.880687838283235,0.9919254295457447,0.7422919043154481,Happy
happy_track26,103.72808667455257,0.880403306707066,0.7708252869193136,0.6990417605176644,Happy
happy_track27,128.61834969820814,0.8605893181482701,0.9860826385562929,0.6024617424140895,Happy
happy_track28,118.60683275864083,0.8493536726962785,0.9561928598666145,0.816172569417885,Happy
happy_track29,117.00975394326107,0.7015315175575731,0.7574879580179269,0.6106917507812222,Happy
happy_track30,139.77446140150488,0.8187260991558203,0.8126306751187224,0.8678870709275064,Happy
happy_track31,117.09567351395127,0.7257578514845345,0.8802804009780801,0.8830770030306121,Happy
happy_track32,105.260189753106,0.7164083769768886,0.8991464515799448,0.8687181303980138,Happy
happy_track33,138.73056483156822,0.8454763302031769,0.9922855843939475,0.8675343483960003,Happy
happy_track34,135.15516770584932,0.7626681717485758,0.8582461674765693,0.8692590678418639,Happy
happy_track35,133.39898633136866,0.8589963634946602,0.7902911269469168,0.7147269163195348,Happy
happy_track36,117.27002728134013,0.8186427737546755,0.7567873306078164,0.6838608184195738,Happy
happy_track37,126.3282743211483,0.8864949350522647,0.9183661819996483,0.6405900834107803,Happy
happy_track38,100.84078390689453,0.9910141443948405,0.7923540606833768,0.7078121568220184,Happy
happy_track39,115.20795918831098,0.9894050789978036,0.8718289261464091,0.8554209852322234,Happy
happy_track40,122.93029689525207,0.8773982547474196,0.9679684564704614,0.8411997988434478,Happy
happy_track41,101.90740483395889,0.7862093948484712,0.9680837205242554,0.7529298508427121,Happy
happy_track42,119.24363811236813,0.9864206133996054,0.8912108474324355,0.7929242173142853,Happy
happy_track43,125.60987801100217,0.7809133301266094,0.8610838256450938,0.8496504720799948,Happy
happy_track44,119.6088167918976,0.9213137100919004,0.9087666795362395,0.8286625960764769,Happy
happy_track45,117.38760417797481,0.9517306296951842,0.7964398689643314,0.6621623151875764,Happy
happy_track46,117.68414229890342,0.9794225694370271,0.8729969534975094,0.829309038910286,Happy
happy_track47,135.34500499867818,0.9526502852823557,0.8455120737654529,0.862949174679948,Happy
happy_track48,136.65559383035696,0.7928710320310701,0.7137817080426334,0.7917666027622215,Happy
happy_track49,129.0929218856544,0.8843292868322982,0.7499661445973729,0.7362381373893376,Happy
happy_track50,100.86469547873328,0.7897586969973885,0.8668893734307839,0.6629940127452114,Happy
sad_track1,79.05422913505134,0.25277965073864794,0.3016537018062253,0.37909810265361654,Sad
sad_track2,73.50875096119613,0.38307164059131305,0.014783842385986247,0.3602358504825422,Sad
sad_track3,98.04714768242232,0.38170667104206746,0.36354658210670676,0.3849217245156862,Sad
sad_track4,96.9594248666941,0.49660548879700867,0.2808085996444395,0.23102141529273826,Sad
sad_track5,69.69289507814244,0.3005039519714238,0.37618230241066053,0.4556419878374333,Sad
sad_track6,68.23404621790155,0.3732863639546374,0.2038507010994775,0.4142782622158109,Sad
sad_track7,99.51041693351416,0.47690183625264804,0.3550446698240342,0.482803558183862,Sad
sad_track8,97.96537383013359,0.44194362671049825,0.23627096164911549,0.43339336060691913,Sad
sad_track9,87.25158388923391,0.22087568421564968,0.03481186389067261,0.4846987901496022,Sad
sad_track10,98.55203455764513,0.24838127440930385,0.027724859827531836,0.3010856505740823,Sad
sad_track11,81.48585750492009,0.24398108467164542,0.21337374142454332,0.3091411486456629,Sad
sad_track12,64.85183270925117,0.23239589929429016,0.19488376315449032,0.23993973438403401,Sad
sad_track13,80.27156085145513,0.2154830700938726,0.0839784412173668,0.27081039273579294,Sad
sad_track14,94.24894175667961,0.34649269788163295,0.06616530741283748,0.2554358224457581,Sad
sad_track15,88.11490237110803,0.30498413766689575,0.30335808281333027,0.33265951220747847,Sad
sad_track16,60.75852143401838,0.48457443985765203,0.2761600552669729,0.41293704669326947,Sad
sad_track17,69.91523894447928,0.44452378978069906,0.3612757818620242,0.3174254624475225,Sad
sad_track18,83.91859642965879,0.3602413139521895,0.13321324197150283,0.22951934225544762,Sad
sad_track19,63.803146940481625,0.2726938781318524,0.3335380341182269,0.37517354440926143,Sad
sad_track20,92.04289008555207,0.20549768045165603,0.0026446861303162095,0.46321241786441203,Sad
sad_track21,79.83650696225902,0.4361166205551962,0.1254492145847851,0.3450435615150067,Sad
sad_track22,72.49983650432921,0.4004981703162658,0.2234984256192295,0.278531573188672,Sad
sad_track23,94.24096627043605,0.409818468862001,0.3632044294314157,0.43091394390293564,Sad
sad_track24,89.87647181970033,0.35802831096289645,0.15787224637885525,0.3354576778751543,Sad
sad_track25,91.56628021228792,0.3790069228397821,0.2824892725275529,0.4617688795834784,Sad
sad_track26,61.02954627213771,0.3720161601992392,0.06643877473933157,0.4935523739444464,Sad
sad_track27,88.3426190386314,0.23935721896897905,0.35691016446237883,0.2734753202094418,Sad
sad_track28,72.88509820439961,0.3027144488328156,0.1941708483658151,0.41275767724212986,Sad
sad_track29,94.67331887830542,0.2956645628906873,0.3275971327992302,0.27799696308393457,Sad
sad_track30,89.12431078960932,0.2769542187849821,0.36224298005272165,0.4816675816226256,Sad
sad_track31,66.53697658681065,0.2401471546159339,0.3238788320881931,0.47940521652113977,Sad
sad_track32,85.06191503710457,0.4981131104805481,0.10704371098324389,0.35802703926561275,Sad
sad_track33,90.99648893388496,0.2955840961163915,0.28223847335828384,0.21249647188442125,Sad
sad_track34,62.4901872019303,0.4916062997015245,0.28594481838188285,0.35237283659632934,Sad
sad_track35,98.92145739258628,0.3909058645071819,0.03090833199896528,0.28043021219701975,Sad
sad_track36,62.23717240938677,0.4955009053615303,0.010923734790048423,0.2974705080794074,Sad
sad_track37,91.9509661270717,0.22636504799494953,0.049760222704503136,0.3344514730725015,Sad
sad_track38,68.03108795060794,0.2826838515729613,0.236001584155759,0.4735580466196844,Sad
sad_track39,81.36248893216734,0.31673749387221156,0.29676258574439296,0.32790055743098845,Sad
sad_track40,83.44505900889925,0.4521242968904268,0.21881794063416185,0.45682040263729967,Sad
sad_track41,90.81449772636499,0.22776693039977047,0.12294471653474792,0.27066870661269976,Sad
sad_track42,87.16585336868741,0.4976566561964051,0.0796460464585322,0.2956865040553861,Sad
sad_track43,79.08075130333381,0.23085314573334723,0.21660295922332817,0.27233331742031314,Sad
sad_track44,89.3963212052996,0.32874834903869776,0.13141414034237636,0.42598456074792973,Sad
sad_track45,94.14305112331495,0.4135628260717651,0.1662952987543668,0.3838230626029788,Sad
sad_track46,81.7707098271161,0.3832249091018174,0.20802080247881968,0.2635284207271872,Sad
sad_track47,98.56079281035414,0.2840962726562845,0.2611965377969921,0.2810250549879565,Sad
sad_track48,65.76287306587335,0.4971959068133484,0.01439626471662927,0.3270195370630816,Sad
sad_track49,88.2998682016457,0.22715628349365563,0.17302667793332127,0.29205777223900153,Sad
sad_track50,82.3281969466989,0.2504744602607439,0.21397410569014227,0.41645348031920854,Sad
energetic_track1,136.75335277988108,0.8963428165493815,0.575796651785438,0.8512388849035023,Energetic
energetic_track2,123.55982141884284,0.9205106797056495,0.8897264043289971,0.8281763094457177,Energetic
energetic_track3,139.92917902337902,0.8271739298453743,0.8683336912094426,0.8720173039865047,Energetic
energetic_track4,148.26314075784208,0.8545204878777622,0.6548521882756665,0.9064847746830467,Energetic
energetic_track5,151.18181582804223,0.8882313333652487,0.8790804578215679,0.772938449286389,Energetic
energetic_track6,123.99505141937478,0.9096474732448844,0.6311485510221585,0.9359138326274743,Energetic
energetic_track7,152.34375283175308,0.8784673052131344,0.6159565674665274,0.9284812357242618,Energetic
energetic_track8,158.02836756931268,0.9158395417828084,0.6412878771332156,0.8081366417382029,Energetic
energetic_track9,149.90675591953087,0.9083256523642942,0.8432698937079481,0.8005127174969902,Energetic
energetic_track10,125.65035688949811,0.822957213890806,0.5079004743253744,0.9140745337278253,Energetic
energetic_track11,130.78093221725283,0.8993324375423727,0.8981490517706583,0.7147888233619996,Energetic
energetic_track12,156.91780881993228,0.9499868407966315,0.5197287821417652,0.9258496227617263,Energetic
energetic_track13,147.1206839393737,0.9530136754147633,0.8834080209730457,0.7767181617978318,Energetic
energetic_track14,121.464924036893,0.9399481738645976,0.8705476315296604,0.7641049043689498,Energetic
energetic_track15,134.10608503638431,0.8028629627923701,0.7644627409309366,0.9517458867423412,Energetic
energetic_track16,152.70891844782943,0.8990196304769666,0.6318762813438066,0.9375418785987772,Energetic
energetic_track17,151.63321028941178,0.9627528416428934,0.7522810727877332,0.9320132095248487,Energetic
energetic_track18,153.45811989268864,0.9783656570783865,0.6646149327706787,0.9809139675306823,Energetic
energetic_track19,127.29129392765186,0.8735633513787693,0.787804672663821,0.9763200799548116,Energetic
energetic_track20,130.4358054877095,0.806145996859238,0.8345401261930357,0.7384724505853737,Energetic
energetic_track21,143.62804431646938,0.9109873150271287,0.6072270759028892,0.9083992581214615,Energetic
energetic_track22,158.7720644763329,0.9833363472491148,0.6154464201065435,0.7711656902882269,Energetic
energetic_track23,125.52071011866082,0.9871147442328291,0.8099190917988763,0.9121910344159802,Energetic
energetic_track24,138.5271131276648,0.9567694445790705,0.6586141232850667,0.9690192230960817,Energetic
energetic_track25,137.56400063118537,0.8325450350461382,0.55908786547105,0.773092426333289,Energetic
energetic_track26,141.3224818806046,0.9191136047062974,0.8563750310544034,0.7870709864125761,Energetic
energetic_track27,122.83525864735624,0.846953258342578,0.6158710905391152,0.9246371004597437,Energetic
energetic_track28,133.50062786398126,0.9216104278725901,0.7187809274826815,0.8377328487575899,Energetic
energetic_track29,157.89812196694373,0.9171698942664919,0.5903754268967699,0.7618247603888116,Energetic
energetic_track30,133.53420977410556,0.8215804732285766,0.850799667303082,0.7437396513342751,Energetic
energetic_track31,129.2804644697897,0.87208212054624,0.6360371701424565,0.7741640792966558,Energetic
energetic_track32,142.92072555581325,0.9100274521854032,0.8570098014803835,0.7350603716991186,Energetic
energetic_track33,130.51248216395527,0.8144238650455959,0.803008964913688,0.7698743157219438,Energetic
energetic_track34,133.7742440593168,0.8413276731380612,0.5029320208741783,0.9626937431734996,Energetic
energetic_track35,139.33779871058104,0.9599503050567909,0.7583867833660424,0.8104131338830134,Energetic
energetic_track36,124.66632839162514,0.9285230447435091,0.7304034752119662,0.8123627679644152,Energetic
energetic_track37,137.34819367305184,0.9422254670109607,0.5701162864533953,0.701654218949627,Energetic
energetic_track38,154.39179384043138,0.8629386751347629,0.7450908300434329,0.803838299120853,Energetic
energetic_track39,133.3373634676073,0.8450772328837397,0.8957347754846343,0.9082559156978238,Energetic
energetic_track40,127.56884797727102,0.9439577617635655,0.819385535594052,0.8901098196815462,Energetic
energetic_track41,153.9105167324127,0.9907652150843393,0.873170029309208,0.8426956759201081,Energetic
energetic_track42,142.68781299393277,0.8783112096049209,0.7672676317831139,0.9806711061057585,Energetic
energetic_track43,149.779892177463,0.9182172478481906,0.7385653179737995,0.8910704067304573,Energetic
energetic_track44,155.1095090323465,0.937458559458028,0.6018604309469482,0.8573632449358017,Energetic
energetic_track45,133.5092829924189,0.8819691665119301,0.8326096263320409,0.9460388902683599,Energetic
energetic_track46,155.4777503049364,0.8477566484399965,0.5465223842872537,0.7894236541455041,Energetic
energetic_track47,136.876875680574,0.909849690684843,0.7018821649165519,0.9898138061012065,Energetic
energetic_track48,131.33096791727377,0.9521511045943206,0.7754498672514135,0.896645647657869,Energetic
energetic_track49,159.95940551297417,0.9203607808812135,0.8783526869013513,0.9627861969086282,Energetic
energetic_track50,123.89544758495032,0.9745811715542887,0.7074397327078121,0.9004313390469717,Energetic
relaxed_track1,81.57373045714903,0.4029241558227422,0.7748023644413049,0.5084847489909531,Relaxed
relaxed_track2,101.32562874823269,0.4528810506403088,0.642437033600404,0.48850982905013773,Relaxed
relaxed_track3,96.2527097286726,0.34034887520060114,0.4160752756172865,0.35481865279569785,Relaxed
relaxed_track4,73.87303096042032,0.31274184376189346,0.47341547642169846,0.5284346747123511,Relaxed
relaxed_track5,86.04645752056311,0.3629927258439045,0.548934952195224,0.44426330308013007,Relaxed
relaxed_track6,98.57479407319207,0.5062368621032666,0.47546973326455866,0.34772133696032737,Relaxed
relaxed_track7,90.96478488272263,0.4838221278064082,0.6995297934132199,0.4628211280378248,Relaxed
relaxed_track8,87.50808991991121,0.3052756064595861,0.7081658104731179,0.4384414766957344,Relaxed
relaxed_track9,78.73948859705865,0.4237235226642133,0.7437676236391426,0.43829897526481865,Relaxed
relaxed_track10,84.39393999402763,0.45194555873607334,0.7107214139694702,0.42885701222098155,Relaxed
relaxed_track11,85.01575751475896,0.34191069971951743,0.4864434928831628,0.44635852283273425,Relaxed
relaxed_track12,70.33254318790323,0.3806497707094556,0.4776795836588307,0.5850438788395937,Relaxed
relaxed_track13,99.2037796809516,0.5498991657129597,0.5638677095668126,0.3684846352255615,Relaxed
relaxed_track14,72.89092072564831,0.3238878722064945,0.6428944245058436,0.5001775362820677,Relaxed
relaxed_track15,101.5947125151997,0.4973281907520507,0.7464892100646796,0.44578906035875937,Relaxed
relaxed_track16,75.3070053206537,0.4754141528688903,0.7993022988715732,0.5781044347549471,Relaxed
relaxed_track17,91.42439856417964,0.355314791696615,0.7112189494348473,0.3365993362259138,Relaxed
relaxed_track18,76.60802196971855,0.5273091642450121,0.7814639004267623,0.567318669943681,Relaxed
relaxed_track19,99.40713489568736,0.305859298424728,0.7410898294983178,0.4595177842549929,Relaxed
relaxed_track20,70.3261503374325,0.5904381833838832,0.7503911372006373,0.5337008340505057,Relaxed
relaxed_track21,81.35234038413144,0.5094607310156876,0.7541194847379168,0.49391453936955787,Relaxed
relaxed_track22,108.56198598325973,0.5738635497826383,0.7874882832912511,0.5050882880390243,Relaxed
relaxed_track23,102.43546231699426,0.36175039927838665,0.6222855848847002,0.4317634282586785,Relaxed
relaxed_track24,105.53438496997796,0.42303286006045804,0.5775320665915566,0.43908905911306273,Relaxed
relaxed_track25,91.0577176401005,0.4888701248116828,0.530021310219593,0.3840792892824138,Relaxed
relaxed_track26,71.24935158235243,0.47191206609914593,0.613944579617329,0.4113567345239341,Relaxed
relaxed_track27,81.8118059246863,0.3925595402695151,0.6971261080424007,0.4211152418436146,Relaxed
relaxed_track28,101.94749987377102,0.3581802985787492,0.7766423987337069,0.34224108427377026,Relaxed
relaxed_track29,79.83410091047747,0.3005439456889788,0.5694197199276088,0.38547523702846886,Relaxed
relaxed_track30,86.78631827487392,0.40940900711894007,0.5948786136703189,0.44843082210015184,Relaxed
relaxed_track31,73.02046877546988,0.32221913235053684,0.6785369167994055,0.5641659299607811,Relaxed
relaxed_track32,85.63840481647493,0.44925140976987543,0.45613447051089895,0.5951972308963012,Relaxed
relaxed_track33,101.21258193605397,0.5733344176318798,0.7561904850548664,0.44303899538532604,Relaxed
relaxed_track34,86.48886709652231,0.3211914788816689,0.6821487794015706,0.3164133785218503,Relaxed
relaxed_track35,87.227357685263,0.5598260616851798,0.5514228196635205,0.4868010490561345,Relaxed
relaxed_track36,109.81987172074213,0.43809310981882466,0.6697311464298286,0.5381441929996369,Relaxed
relaxed_track37,81.65961558210608,0.5254689619504284,0.5531281619723886,0.4969832785994771,Relaxed
relaxed_track38,77.25394325591407,0.3567529037760468,0.5336896813725808,0.3941066854970258,Relaxed
relaxed_track39,83.00434548248732,0.5416307317693156,0.5952419417225657,0.3761611072729409,Relaxed
relaxed_track40,109.17532472795664,0.326426915064532,0.6575042795819553,0.5810047607581866,Relaxed
relaxed_track41,101.55999205890285,0.5944244738146857,0.45077599312276606,0.39744464785034817,Relaxed
relaxed_track42,84.10310550329599,0.4439734093356008,0.7065268184567729,0.5119259689703604,Relaxed
relaxed_track43,78.0946509738285,0.43063686800845036,0.6156111774560948,0.36654806688819147,Relaxed
relaxed_track44,86.64264687729386,0.5753217994940235,0.7553225989197414,0.4927652919788548,Relaxed
relaxed_track45,92.63608677974321,0.5496289810845373,0.5696790274933603,0.5509079744950408,Relaxed
relaxed_track46,91.13485269373423,0.5809401061285141,0.6618411434882205,0.5649520964741158,Relaxed
relaxed_track47,70.65616940259527,0.3904570652153762,0.6765199000049291,0.4777370782447664,Relaxed
relaxed_track48,78.83342528460517,0.44593001736173543,0.7564625106693058,0.5538500264428894,Relaxed
relaxed_track49,100.24893322460235,0.5590458059778071,0.6527038525001382,0.45393886407574235,Relaxed
relaxed_track50,70.20302193292545,0.5570467231423388,0.5277712887298711,0.405458326984302,Relaxed
